name, order, due_date, value, pm
TEK INTERIORS LTD, 29675, 10/10/2024, £4630.29, JONMCC
HARMONY FIRE LTD -, 29756, 21/10/2024, £1310.27, POLLY
MURPHY'S BUILDING, 29639, 24/10/2024, £5699.00, JONMCC
BUILDING PROJECTS, 29545, 25/10/2024, £0.00, JONMCC
BUILDING PROJECTS, 29762, 28/10/2024, £736.30, JONMCC
AGR BUILDING &, 29757, 29/10/2024, £836.00, JONMCC
TOM WILLOUGHBY, 29750, 30/10/2024, £717.90, JONMCC
TOM WILLOUGHBY, 29751, 30/10/2024, £703.54, JONMCC
TOM WILLOUGHBY, 29752, 30/10/2024, £847.08, JONMCC
TOM WILLOUGHBY, 29753, 30/10/2024, £832.57, JONMCC
NATIONWIDE FIRE, 29754, 30/10/2024, £1954.98, TOM
TOM WILLOUGHBY, 29755, 30/10/2024, £1491.09, JONMCC
CHECKMATE FIRE, 29763, 31/10/2024, £30600.76, POLLY
